Platform,TLSVersion,Ciphers,Extensions,sorted_Extensions,EllipticCurves,EllipticCurvePointFormats,sec-ch-ua,sec-ch-ua-mobile,sec-ch-ua-platform,User agent,Version,Protocol,,
chrome v111,771,4865-4866-4867-49195-49199-49196-49200-52393-52392-49171-49172-156-157-47-53,5-65281-51-35-16-23-27-18-43-17513-45-11-10-13-21,5-10-11-13-16-18-21-23-27-35-43-45-51-17513-65281,29-23-24,0,"""Google Chrome"";v=""111"", ""Not(A:Brand"";v=""8"", ""Chromium"";v=""111""",?0,"""Windows""","Mozilla/5.0 (Windows NT 10.0; Win64; x64) AppleWebKit/537.36 (KHTML, like Gecko) Chrome/111.0.0.0 Safari/537.36",,,,
chrome v111 mobile,771,4865-4866-4867-49195-49199-49196-49200-52393-52392-49171-49172-156-157-47-53,5-51-27-23-45-13-43-10-65281-18-35-17513-16-11-21,5-10-11-13-16-18-21-23-27-35-43-45-51-17513-65281,29-23-24,0,"""Google Chrome"";v=""111"", ""Not(A:Brand"";v=""8"", ""Chromium"";v=""111""",?1,"""Android""","Mozilla/5.0 (Linux; Android 10; SM-G981B) AppleWebKit/537.36 (KHTML, like Gecko) Chrome/80.0.3987.162 Mobile Safari/537.36",,,,
chrome v110,771,4865-4866-4867-49195-49199-49196-49200-52393-52392-49171-49172-156-157-47-53,23-65281-10-11-35-16-5-13-18-51-45-43-27-17513-21,5-10-11-13-16-18-21-23-27-35-43-45-51-17513-65281,29-23-24,0,"""Chromium"";v=""110"", ""Not A(Brand"";v=""24"", ""Google Chrome"";v=""110""",?0,"""Windows""","Mozilla/5.0 (Windows NT 10.0; Win64; x64) AppleWebKit/537.36 (KHTML, like Gecko) Chrome/110.0.0.0 Safari/537.36",,,,
chrome v110 mobile,771,4865-4866-4867-49195-49199-49196-49200-52393-52392-49171-49172-156-157-47-53,23-65281-10-11-35-16-5-13-18-51-45-43-27-17513-21,5-10-11-13-16-18-21-23-27-35-43-45-51-17513-65281,29-23-24,0,"""Chromium"";v=""110"", ""Not A(Brand"";v=""24"", ""Google Chrome"";v=""110""",?1,"""Android""","Mozilla/5.0 (Linux; Android 10; SM-G981B) AppleWebKit/537.36 (KHTML, like Gecko) Chrome/80.0.3987.162 Mobile Safari/537.36",,,,
chrome v108,771,4865-4866-4867-49195-49199-49196-49200-52393-52392-49171-49172-156-157-47-53,23-65281-10-11-35-16-5-13-18-51-45-43-27-17513-21,5-10-11-13-16-18-21-23-27-35-43-45-51-17513-65281,29-23-24,0,"""Not?A_Brand"";v=""8"", ""Chromium"";v=""108"", ""Google Chrome"";v=""108""",?0,"""Windows""","Mozilla/5.0 (Windows NT 10.0; WOW64) AppleWebKit/537.36 (KHTML, like Gecko) Chrome/108.0.0.0 Safari/537.36",,,,
chrome v108 mobile,771,4865-4866-4867-49195-49199-49196-49200-52393-52392-49171-49172-156-157-47-53,23-65281-10-11-35-16-5-13-18-51-45-43-27-17513-21,5-10-11-13-16-18-21-23-27-35-43-45-51-17513-65281,29-23-24,0,"""Not?A_Brand"";v=""8"", ""Chromium"";v=""108"", ""Google Chrome"";v=""108""",?1,"""Android""","Mozilla/5.0 (Linux; Android 10; SM-G981B) AppleWebKit/537.36 (KHTML, like Gecko) Chrome/80.0.3987.162 Mobile Safari/537.36",,,,
,,,,,,,,,,,,,,
Safari (Mac),772,4865-4866-4867-49195-49199-49196-49200-52393-52392-49171-49172-156-157-47-53,45-17513-5-0-23-11-65281-10-35-18-27-51-43-13-16,0-5-10-11-13-16-18-23-27-35-43-45-51-17513-65281,29-23-24,0,-,-,-,"Mozilla/5.0 (Macintosh; Intel Mac OS X 10_15_7) AppleWebKit/537.36 (KHTML, like Gecko) Chrome/110.0.0.0 Safari/537.36",Version 16.3 (18614.4.6.1.6),,,
chrome v111 (Mac),772,4865-4866-4867-49195-49199-49196-49200-52393-52392-49171-49172-156-157-47-53,13-18-5-16-0-51-45-23-27-35-11-43-65281-10-17513,0-5-10-11-13-16-18-23-27-35-43-45-51-17513-65281,29-23-24,0,-,-,-,,,,,
,,,,,,,,,,,,,,
,,,,,,,,,,,,,,
edge v110 ,771,4865-4866-4866-4867-49195-49199-49196-49200-52393-52392-49171-49172-156-157-47-53,23-65281-10-11-35-16-5-13-18-51-45-43-27-17513-21,5-10-11-13-16-18-21-23-27-35-43-45-51-17513-65281,29-23-24,0,"""Not A;Brand"";v=""24"", ""Chromium"";v=""110"", ""Microsoft Edge"";v=""110""",?0,"""Windows""","Mozilla/5.0 (Windows NT 10.0; Win64; x64) AppleWebKit/537.36 (KHTML, like Gecko) Chrome/110.0.0.0 Safari/537.36 Edg/110.0.1587.69",,443+80,,
edge v110 mobile,771,4865-4866-4866-4867-49195-49199-49196-49200-52393-52392-49171-49172-156-157-47-53,23-65281-10-11-35-16-5-13-18-51-45-43-27-17513-21,5-10-11-13-16-18-21-23-27-35-43-45-51-17513-65281,29-23-24,0,"""Chromium"";v=""110"", ""Not A(Brand"";v=""24"", ""Microsoft Edge"";v=""110""",?1,"""Android""","Mozilla/5.0 (Linux; Android 10; SM-G981B) AppleWebKit/537.36 (KHTML, like Gecko) Chrome/80.0.3987.162 Mobile Safari/537.36 Edg/110.0.0.0",,443+80,,
edge v109,771,4865-4866-4866-4867-49195-49199-49196-49200-52393-52392-49171-49172-156-157-47-53,23-65281-10-11-35-16-5-13-18-51-45-43-27-17513-21,5-10-11-13-16-18-21-23-27-35-43-45-51-17513-65281,29-23-24,0,"""Not_A Brand"";v=""99"", ""Microsoft Edge"";v=""109"", ""Chromium"";v=""109""",?0,"""Windows""","Mozilla/5.0 (Windows NT 10.0; Win64; x64) AppleWebKit/537.36 (KHTML, like Gecko) Chrome/109.0.0.0 Safari/537.36 Edg/109.0.1518.78",,,,
edge v109 mobile,771,4865-4866-4866-4867-49195-49199-49196-49200-52393-52392-49171-49172-156-157-47-53,23-65281-10-11-35-16-5-13-18-51-45-43-27-17513-21,5-10-11-13-16-18-21-23-27-35-43-45-51-17513-65281,29-23-24,0,"""Not_A Brand"";v=""99"", ""Microsoft Edge"";v=""109"", ""Chromium"";v=""109""",?1,"""Android""","Mozilla/5.0 (Linux; Android 10; SM-G981B) AppleWebKit/537.36 (KHTML, like Gecko) Chrome/80.0.3987.162 Mobile Safari/537.36 Edg/109.0.0.0",,,,
edge v108,771,4865-4866-4866-4867-49195-49199-49196-49200-52393-52392-49171-49172-156-157-47-53,23-65281-10-11-35-16-5-13-18-51-45-43-27-17513-21,5-10-11-13-16-18-21-23-27-35-43-45-51-17513-65281,29-23-24,0,"""Not?A_Brand"";v=""8"", ""Chromium"";v=""108"", ""Microsoft Edge"";v=""108""",?0,"""Windows""","Mozilla/5.0 (Windows NT 10.0; Win64; x64) AppleWebKit/537.36 (KHTML, like Gecko) Chrome/108.0.0.0 Safari/537.36 Edg/108.0.1462.87",,,,
edge v108 mobile,,4865-4866-4866-4867-49195-49199-49196-49200-52393-52392-49171-49172-156-157-47-53,23-65281-10-11-35-16-5-13-18-51-45-43-27-17513-21,5-10-11-13-16-18-21-23-27-35-43-45-51-17513-65281,29-23-24,0,"""Not?A_Brand"";v=""8"", ""Chromium"";v=""108"", ""Microsoft Edge"";v=""108""",?1,"""Android""","Mozilla/5.0 (Linux; Android 10; SM-G981B) AppleWebKit/537.36 (KHTML, like Gecko) Chrome/80.0.3987.162 Mobile Safari/537.36 Edg/108.0.0.0",,,,
edge v44,771,49196-49195-49200-49199-49188-49187-49192-49191-49162-49161-49172-49171-157-156-61-60-53-47-10,5-10-11-13-35-16-23-65281,5-10-11-13-16-23-35-65281,29-23-24,0,-,-,-,"Mozilla/5.0 (Windows NT 10.0; Win64; x64) AppleWebKit/537.36 (KHTML, like Gecko) Chrome/70.0.3538.102 Safari/537.36 Edge/18.18362",,,,
edge v43 ,771,49196-49195-49200-49199-49188-49187-49192-49191-49162-49161-49172-49171-157-156-61-60-53-47-10,5-10-11-13-35-16-23-24-65281,5-10-11-13-16-23-24-35-65281,29-23-24,0,-,-,-,"Mozilla/5.0 (Windows NT 10.0; Win64; x64) AppleWebKit/537.36 (KHTML, like Gecko) Chrome/70.0.3538.102 Safari/537.36 Edge/18.18362",,,,
,,,,,,,,,,,,,,
Firefox v110 ,771,4865-4867-4866-49195-49199-52393-52392-49196-49200-49162-49161-49171-49172-156-157-47-53,0-23-65281-10-11-35-16-5-51-43-13-45-28-21,0-5-10-11-13-16-21-23-28-35-43-45-51-65281,29-23-24-25-256-257,0,-,-,-,Mozilla/5.0 (Windows NT 10.0; Win64; x64; rv:109.0) Gecko/20100101 Firefox/110.0,,443,,
Firefox v110 mobile,771,4865-4867-4866-49195-49199-52393-52392-49196-49200-49162-49161-49171-49172-156-157-47-53,0-23-65281-10-11-35-16-5-51-43-13-45-28-21,0-5-10-11-13-16-21-23-28-35-43-45-51-65281,29-23-24-25-256-257,0,-,-,-,Mozilla/5.0 (Windows NT 10.0; Win64; x64; rv:109.0) Gecko/20100101 Firefox/110.0,,443,,
Firefox v109,771,4865-4867-4866-49195-49199-52393-52392-49196-49200-49162-49161-49171-49172-156-157-47-53,0-23-65281-10-11-35-16-5-51-43-13-45-28-21,0-5-10-11-13-16-21-23-28-35-43-45-51-65281,29-23-24-25-256-257,0,-,-,-,Mozilla/5.0 (Windows NT 10.0; Win64; x64; rv:109.0) Gecko/20100101 Firefox/109.0,,443,,
Firefox v109 mobile,771,4865-4867-4866-49195-49199-52393-52392-49196-49200-49162-49161-49171-49172-156-157-47-53,0-23-65281-10-11-35-16-5-51-43-13-45-28-21,0-5-10-11-13-16-21-23-28-35-43-45-51-65281,29-23-24-25-256-257,0,-,-,-,Mozilla/5.0 (Windows NT 10.0; Win64; x64; rv:109.0) Gecko/20100101 Firefox/109.0,,443,,
Firefox v108,771,4865-4867-4866-49195-49199-52393-52392-49196-49200-49162-49161-49171-49172-156-157-47-53,0-23-65281-10-11-35-16-5-51-43-13-45-28-21,0-5-10-11-13-16-21-23-28-35-43-45-51-65281,29-23-24-25-256-257,0,-,-,-,Mozilla/5.0 (Windows NT 10.0; Win64; x64; rv:108.0) Gecko/20100101 Firefox/108.0,,443,,
Firefox v108 mobile,771,4865-4867-4866-49195-49199-52393-52392-49196-49200-49162-49161-49171-49172-156-157-47-53,0-23-65281-10-11-35-16-5-51-43-13-45-28-21,0-5-10-11-13-16-21-23-28-35-43-45-51-65281,29-23-24-25-256-257,0,-,-,-,Mozilla/5.0 (Windows NT 10.0; Win64; x64; rv:108.0) Gecko/20100101 Firefox/108.0,,443,,
,,,,,,,,,,,,,,
wget,771,4866-4867-4865-49196-49200-163-159-52393-52392-52394-49327-49325-49315-49311-49245-49249-49239-49235-49195-49199-162-158-49326-49324-49314-49310-49244-49248-49238-49234-49188-49192-107-106-49267-49271-196-195-49187-49191-103-64-49266-49270-190-189-49162-49172-57-56-136-135-49161-49171-51-50-69-68-157-49313-49309-49233-156-49312-49308-49232-61-192-60-186-53-132-47-65-255,11-10-35-22-23-49-13-43-45-51,10-11-13-22-23-35-43-45-49-51,29-23-30-25-24,0-1-2,-,-,-,Wget/1.20.3 (linux-gnu),,,,
curl,771,4866-4867-4865-49196-49200-159-52393-52392-52394-49195-49199-158-49188-49192-107-49187-49191-103-49162-49172-57-49161-49171-51-157-156-61-60-53-47-255,11-10-13172-16-22-23-49-13-43-45-51-21,10-11-13-16-21-22-23-43-45-49-51-13172,29-23-30-25-24,0-1-2,-,-,-,curl/7.83.1,,,,
c++ (boost.beast),771,49196-49200-159-52393-52392-52394-49195-49199-158-49188-49192-107-49187-49191-103-49162-49172-57-49161-49171-51-157-156-61-60-53-47-255,11-10-35-22-23-13,"10-11-13-22-23-35
",29-23-30-25-24,0-1-2,-,-,-,Boost.Beast/322,,,,
nodeJS,771,4866-4867-4865-49199-49195-49200-49196-158-49191-103-49192-107-163-159-52393-52392-52394-49327-49325-49315-49311-49245-49249-49239-49235-162-49326-49324-49314-49310-49244-49248-49238-49234-49188-106-49187-64-49162-49172-57-56-49161-49171-51-50-157-49313-49309-49233-156-49312-49308-49232-61-60-53-47-255,11-10-35-22-23-13-43-45-51,10-11-13-22-23-35-43-45-51,29-23-30-25-24-256-257-258-259-260,0-1-2,-,-,-,-,,,,V
python(requests),771,4866-4867-4865-49196-49200-49195-49199-52393-52392-159-158-52394-49327-49325-49326-49324-49188-49192-49187-49191-49162-49172-49161-49171-49315-49311-49314-49310-107-103-57-51-157-156-49313-49309-49312-49308-61-60-53-47-255,11-10-16-22-23-49-13-43-45-51-21,10-11-13-16-21-22-23-43-45-49-51,29-23-30-25-24,0-1-2,-,-,-,python-requests/2.28.2,,,,
selenium,771,4865-4866-4867-49195-49199-49196-49200-52393-52392-49171-49172-156-157-47-53-255,0-11-10-35-5-16-23-13-43-45-51,0-5-10-11-13-16-23-35-43-45-51,29-23-24,0-1-2,-,-,-,"Mozilla/5.0 (Windows NT 10.0; Win64; x64) AppleWebKit/537.36 (KHTML, like Gecko) HeadlessChrome/110.0.5481.180 Safari/537.36",,,,
Puppeteer,771,4865-4866-4867-49195-49199-49196-49200-52393-52392-49171-49172-156-157-47-53-255,0-11-10-35-5-16-23-13-43-45-51,0-5-10-11-13-16-23-35-43-45-51,29-23-24,0-1-2,"""Chromium"";v=""111"", ""Not(A:Brand"";v=""8""",?0,"""Windows""","Mozilla/5.0 (Windows NT 10.0; Win64; x64) AppleWebKit/537.36 (KHTML, like Gecko) Chrome/111.0.0.0 Safari/537.36""",,,,
